ID,Name,Location,Coordinates,Category,Description,Profile Image URL,Audience or Performer,Date/Time
1,Spiderman,"Santa Barbara, United States",34°26′N 119°43′W,Circus,"Mr Stark, I don't feel so good",https://image.pngaaa.com/156/697156-middle.png,Performer,2021/11/23 23:57:05
2,Harry Potter,"London, United Kingdom","51.50° N, 0.12° W",Magician,"You're a wizard, Harry",https://i.pinimg.com/originals/fd/f2/b1/fdf2b18160f32bd70c194cabc64cd92d.jpg,Performer,2022/06/21 1:15:40
3,Shrek,"Mexicali, Mexico",32°40′N 115°28′W,Other,I am like an onion,https://iconarchive.com/download/i61331/majdi-khawaja/shrek/Shrek-2.ico,Performer,2022/05/25 0:38:53
4,Squidward,"Atlanta, Georgia",41°17′S 174°47′E,Musician,Even though he thought the world was flat he didn’t see the irony of wanting to travel around the world.,https://64.media.tumblr.com/81c4c6ba1f670d5e1c92a688e630cf0f/tumblr_inline_ozitt2mnrF1sss5ih_540.png,Performer,2022/04/06 4:09:42
5,Daenerys Targaryen,"Ulan Bator, Mongolia",47°55′N 106°55′E,,"A young woman in her early teens, Daenerys has the classical Valyrian look; She has violet eyes, pale skin, and long, pale silver-gold hair. Daenerys is slender of frame, with small breasts. She is said to resemble Queen Naerys Targaryen, though Daenerys is taller and stronger.",https://static.wikia.nocookie.net/gameofthrones/images/4/4f/Daenerys_Season_8.jpg/revision/latest?cb=20190415212013,Audience,
6,Jar Jar Binks,"Washington, DC","38.90° N, 77.03° W",Other,There were a lot of paintings of monkeys waving bamboo sticks in the gallery.,https://static.wikia.nocookie.net/starwars/images/0/02/Jar_Jar_SWSB.png/revision/latest?cb=20160910034613,Performer,
7,Yoda,"Miri, Malaysia",4°24′N 114°00′E,Theater,I cheated while playing the darts tournament by using a longbow.,https://static.wikia.nocookie.net/starwars/images/d/d6/Yoda_SWSB.png/revision/latest?cb=20150206140125,Performer,2021/12/04 6:02:50
8,Gandalf,"Dammam, Saudi Arabia",26°17′N 50°12′E,Other,"As she walked along the street and looked in the gutter, she realized facemasks had become the new cigarette butts.",https://static.wikia.nocookie.net/lotr/images/e/e7/Gandalf_the_Grey.jpg/revision/latest?cb=20121110131754,Performer,2021/08/28 2:34:37
9,Loch Ness Monster,"Glasgow, United Kingdom",15°36′S 56°06′W,Artist,He was so preoccupied with whether or not he could that he failed to stop to consider if he should.,https://ichef.bbci.co.uk/news/976/cpsprodpb/50F2/production/_108622702_surgeonsphoto.jpg,Performer,
10,Pikachu,"Tokyo, Japan",39°41′N 141°09′E,Magician,I thought red would have felt warmer in summer but I didn't think about the equator.,https://static.wikia.nocookie.net/wii/images/8/89/Pikachu.jpg/revision/latest?cb=20140209205851,Performer,2021/09/21 8:59:02
11,Goku,"Bangkok, Thailand",13°45′N 100°28′E,Musician,"It was getting dark, and we weren’t there yet.",https://i.pinimg.com/736x/d3/69/66/d369661b0a88c73d0eeb2696df018093.jpg,Performer,2022/05/12 4:26:35
12,Stewie Griffin,"Providence, United States",48°08′N 11°34′E,Statue,He was the only member of the club who didn't like plum pudding.,https://upload.wikimedia.org/wikipedia/en/0/02/Stewie_Griffin.png,Audience,
13,SpongeBob SquarePants,"San Francisco, United States",49°37′N 6°07′E,Freak Show,Siri became confused when we reused to follow her directions.,https://upload.wikimedia.org/wikipedia/en/thumb/3/3b/SpongeBob_SquarePants_character.svg/1200px-SpongeBob_SquarePants_character.svg.png,Audience,
14,Dwight Schrute,"Scranton, United States",16°26′S 179°22′E,Artist,The body piercing didn't go exactly as he expected.,https://upload.wikimedia.org/wikipedia/en/c/cd/Dwight_Schrute.jpg,Performer,2021/10/10 22:32:03
15,Michael Scott,"Scranton, United States",43°18′N 5°22′E,,She opened up her third bottle of wine of the night.,https://www.looper.com/img/gallery/the-offices-michael-scott-was-almost-a-murderer/intro-1591207215.jpg,Audience,
16,Eric Cartman,"Denver, United States",21°46′S 43°21′W,Statue,It was the first time he had ever seen someone cook dinner on an elephant.,https://upload.wikimedia.org/wikipedia/en/7/77/EricCartman.png,Performer,2022/01/17 13:06:42
17,Bender Rodriguez,"New York City, United States",60°12′N 24°39′E,Statue,The gruff old man sat in the back of the bait shop grumbling to himself as he scooped out a handful of worms.,https://i0.wp.com/paulschantz.com/wp-content/uploads/2016/01/bender.jpg?ssl=1,Performer,2021/09/12 23:38:26
18,Carlton Banks,"Los Angeles, United States",27°29′N 95°00′E,Dancer,The wake behind the boat told of the past while the open sea for told life in the unknown future.,https://static.wikia.nocookie.net/freshprince/images/a/ac/1carlton.jpg/revision/latest?cb=20180626133412,Audience,
19,Sterling Archer,"Toronto, Canada",43°42′N 79°24′W,Circus,It was a really good Monday for being a Saturday.,https://miro.medium.com/max/1000/0*MBbFTmYOojEXNhMI.png,Performer,2021/12/04 17:46:55
20,Patrick Star,"Moncton, Canada",46°08′N 64°46′W,Freak Show,Today we gathered moss for my uncle's wedding.,https://upload.wikimedia.org/wikipedia/en/thumb/3/33/Patrick_Star.svg/1200px-Patrick_Star.svg.png,Audience,
21,Dr. Zoidberg,"New York City, United States",60°12′N 24°39′E,Dancer,Your girlfriend bought your favorite cookie crisp cereal but forgot to get milk.,https://upload.wikimedia.org/wikipedia/en/4/4a/Dr_John_Zoidberg.png,Performer,2022/07/11 8:11:19
22,Lorelai Gilmore,"Providence, United States",46°29′N 81°01′W,Statue,The green tea and avocado smoothie turned out exactly as would be expected.,https://decider.com/wp-content/uploads/2014/10/gilmore-girls-lorelei.png,Audience,
23,Borat,"Angra do Heroísmo, Portugal",38°29′N 27°13′W,Dancer,Nancy was proud that she ran a tight shipwreck.,https://i.guim.co.uk/img/media/f78b8d60e5d8fb195dd7cf379bc8777731b9b5d3/44_10_1874_1123/master/1874.jpg?width=1300&quality=45&auto=format&fit=max&dpr=2&s=cffe2614c1ab12105ab172af57a178b9,Performer,2021/12/18 3:10:00
24,Starlord,"Flensburg, Germany",54°47′N 9°26′E,Musician,Warm beer on a cold day isn't my idea of fun.,https://static.wikia.nocookie.net/disney/images/a/a7/Profile_-_Star-Lord.jpg/revision/latest?cb=20190523070551,Audience,
25,Waluigi,"Bissau, Guinea-Bissau",11°51′N 15°34′W,Juggler,There are no heroes in a punk rock band.,https://static.wikia.nocookie.net/characters/images/4/46/Waluigi.png/revision/latest?cb=20180219025644,Performer,2021/12/01 22:21:58
26,Severus Snape,"London, United Kingdom","51.50° N, 0.12° W",Artist,"If I don’t like something, I’ll stay away from it.",https://upload.wikimedia.org/wikipedia/en/thumb/b/b9/Ootp076.jpg/220px-Ootp076.jpg,Audience,
27,Luigi,"Belmopan, Belize",17°15′N 88°46′W,Statue,"Before he moved to the inner city, he had always believed that security complexes were psychological.",https://upload.wikimedia.org/wikipedia/en/7/73/Luigi_NSMBUDX.png,Performer,2021/10/31 23:43:52
28,Ash Ketchum,"Šabac, Serbia",44°45′N 19°42′E,Circus,The fence was confused about whether it was supposed to keep things in or keep things out.,https://sm.ign.com/ign_ap/screenshot/default/ashwins_78um.jpg,Performer,2022/02/17 9:21:33
29,Donkey Kong,"Yekaterinburg, Russia",56°50′N 60°35′E,,The teenage boy was accused of breaking his arm simply to get out of the test.,https://upload.wikimedia.org/wikipedia/en/d/d4/Donkey_Kong_character.png,Audience,
30,Sonic the Hedgehog,"Hargeisa, Somalia",9°33′N 44°4′E,Statue,Martha came to the conclusion that shake weights are a great gift for any occasion.,https://static.wikia.nocookie.net/sonic/images/2/2d/TSR_Sonic.png/revision/latest?cb=20210815035759,Performer,2022/06/04 1:34:22
31,Vibing Cat,"Miami, United States",14°50′N 91°31′W,,I'll have you know I've written over fifty novels,https://i.kym-cdn.com/entries/icons/original/000/034/915/vibingcatttt.gif,Audience,
32,Baby Yoda,"Siliguri, India",26°43′N 88°26′E,,The complicated school homework left the parents trying to help their kids quite confused.,https://upload.wikimedia.org/wikipedia/en/0/00/The_Child_aka_Baby_Yoda_%28Star_Wars%29.jpg,Audience,
33,Anakin Skywalker,"Hiroshima, Japan",34°23′N 132°27′E,,I caught my squirrel rustling through my gym bag.,https://static.wikia.nocookie.net/starwars/images/6/6f/Anakin_Skywalker_RotS.png/revision/latest?cb=20130621175844,Audience,
34,Mike Wazowski,"Vientiane, Laos",17°58′N 102°36′E,Artist,The clock within this blog and the clock on my laptop are 1 hour different from each other.,https://static.wikia.nocookie.net/monstersincmovies/images/a/ab/Mikewazowski.png/revision/latest/top-crop/width/360/height/450?cb=20131214051903,Performer,2021/11/14 21:14:48
35,Regina George,"Balikpapan, Indonesia",1°16′S 116°50′E,Dancer,Andy loved to sleep on a bed of nails.,https://static.wikia.nocookie.net/meangirls/images/b/b1/20120309185913%21Regina-George-regina-george-9999018-922-1400.jpg/revision/latest/scale-to-width-down/250?cb=20140810085639,Performer,2022/08/26 10:35:59
36,Darth Vader,"Malacca Town, Malaysia",2°12′N 102°15′E,Freak Show,The delicious aroma from the kitchen was ruined by cigarette smoke.,https://lumiere-a.akamaihd.net/v1/images/Darth-Vader_6bda9114.jpeg?region=0%2C23%2C1400%2C785&width=960,Performer,2021/12/22 11:55:53
37,Peppa Pig,"Ponta Delgada, Portugal",37°49′N 25°45′W,Dancer,Patricia loves the sound of nails strongly pressed against the chalkboard.,https://i.insider.com/611a8b1c3dd01000199dd96d?width=1300&format=jpeg&auto=webp,Performer,2022/07/27 23:29:08
38,Groot,"Sevilla, Spain",37°23′N 5°59′W,,Her fragrance of choice was fresh garlic.,https://cdn.vox-cdn.com/thumbor/Jw5hIp6CEfyD6bDzwcpavbmU4c4=/1400x788/filters:format(jpeg)/cdn.vox-cdn.com/uploads/chorus_asset/file/8378039/baby-groot-guardians.0.jpg,Audience,
39,Hulk,"Punta Arenas, Chile",53°10′S 70°56′W,Theater,"You're unsure whether or not to trust him, but very thankful that you wore a turtle neck.",https://static.wikia.nocookie.net/hulk/images/6/60/Avengers_hulk_assemble.jpg/revision/latest?cb=20180221170632,Performer,2022/04/21 21:46:14
40,Georgia Costanza,"Tirana, Albania",41°20′N 19°49′E,,"Tomorrow will bring something new, so leave today as a memory.",https://upload.wikimedia.org/wikipedia/en/thumb/7/70/George_Costanza.jpg/220px-George_Costanza.jpg,Audience,
41,Lucille Bluth,"Virginia Beach, United States",36°51′N 75°59′W,Musician,The murder hornet was disappointed by the preconceived ideas people had of him.,https://pyxis.nymag.com/v1/imgs/ec7/964/36823a2b4d57a9203b801f50868f39a368-arrested-development-jessica-walter.rsquare.w700.jpg,Performer,2022/03/20 17:20:48
42,Liz Lemon,"Linz, Austria",48°18′N 14°17′E,Freak Show,"The tart lemonade quenched her thirst, but not her longing.",https://static.wikia.nocookie.net/30rock/images/f/f1/Tina-fey-is-liz-lemon-on-30-rock1.jpg/revision/latest/top-crop/width/360/height/450?cb=20090908012140,Performer,2021/09/16 7:15:31
43,Frank Reynolds,"Monaco, Monaco",43°44′N 7°25′E,,Not all people who wander are lost.,https://imgix.ranker.com/list_img_v2/19241/2779241/original/best-frank-reynolds-quotes?w=817&h=427&fm=jpg&q=50&fit=crop,Audience,
44,Joe Exotic,"Dhaka, Bangladesh",23°42′N 90°23′E,,He appeared to be confusingly perplexed.,"https://media.vanityfair.com/photos/5e761758b4a8c50008b92646/4:3/w_1776,h_1332,c_limit/TigerKing_Joe-Exotic.jpg",Audience,
45,Tom Nook,"Haarlem, Netherlands",52°23′N 4°38′E,,They were excited to see their first sloth.,https://static.wikia.nocookie.net/animalcrossing/images/e/e3/Tom_Nook_NH.png/revision/latest?cb=20191228193640,Audience,
46,K K Slider,"Adak, United States",51°53′N 176°39′W,Musician,Now I need to ponder my existence and ask myself if I'm truly real,https://static.wikia.nocookie.net/animalcrossing/images/8/81/K.K._Slider_NH.png/revision/latest?cb=20210113095442,Performer,2022/04/19 7:54:37
47,Isabelle,"Nanjing,China",32°03′N 118°46′E,Artist,Her daily goal was to improve on yesterday.,https://static.wikia.nocookie.net/animalcrossing/images/9/95/Isabelle_NH.png/revision/latest?cb=20200610024111,Performer,2022/05/11 13:41:49
48,Tingle,"Tapachula, Mexico",14°54′N 92°16′W,Artist,"On a scale from one to ten, what's your favorite flavor of random grammar?",https://play.nintendo.com/images/Masthead_Tingle.17345b1513ac044897cfc243542899dce541e8dc.9afde10b.png,Performer,2021/09/26 0:15:58
49,Dr Robotnik,"Kiruna, Sweden",67°51′N 20°13′E,Theater,The tattered work gloves speak of the many hours of hard labor he endured throughout his life.,https://static.wikia.nocookie.net/sonic/images/c/c9/TSR_Dr_Eggman.png/revision/latest/scale-to-width-down/810?cb=20201121151851,Performer,2021/10/24 17:33:48
50,Geralt of Rivia,"Seattle, United States",47°37′N 122°20′W,,He poured rocks in the dungeon of his mind.,https://static.wikia.nocookie.net/p__/images/4/43/Geralt_of_Rivia.png/revision/latest/top-crop/width/360/height/360?cb=20180213180539&path-prefix=protagonist,Audience,
51,Knuckles,"Santiago, Chile",33°27′S 70°40′W,Puppetteer,She always speaks to him in a loud voice.,https://static.wikia.nocookie.net/sonic-universe/images/c/cf/Knuckles_the_Echidna_SF.png/revision/latest?cb=20180421182616,Performer,2022/03/16 16:26:40
52,Stitch,"Simferopol, Ukraine",44°57′N 34°06′E,,She was disgusted he couldn’t tell the difference between lemonade and limeade.,https://cdn.onebauer.media/one/empire-images/articles/5bb515affd0c0bc8444629c0/lilo-stitch-elvis.jpg?format=jpg&quality=80&width=850&ratio=16-9&resize=aspectfill,Audience,
53,Paarthurnax,"Papeete, France",17°32′S 149°34′W,,The two walked down the slot canyon oblivious to the sound of thunder in the distance.,https://static.wikia.nocookie.net/elderscrolls/images/a/a6/Paarthurnaax.jpg/revision/latest?cb=20120219031747,Audience,
54,Prince Sidon,"Orlando, United States",28°25′N 81°18′W,,"Even with the snow falling outside, she felt it appropriate to wear her bikini.",https://static.wikia.nocookie.net/zelda/images/c/c3/Prince_Sidon.jpg/revision/latest?cb=20170228204715,Audience,
55,Sans,"Cúcuta, Colombia",7°54′N 72°30′W,,Don't piss in my garden and tell me you're trying to help my plants grow.,https://static.wikia.nocookie.net/pm-universe/images/c/cd/Colored_Undertale_Sans_sprite.png/revision/latest/top-crop/width/360/height/450?cb=20190921224359,Audience,
56,Chun-Li,"Khon Kaen, Thailand",16°26′N 102°50′E,Circus,The complicated school homework left the parents trying to help their kids quite confused.,https://static.wikia.nocookie.net/streetfighter/images/e/e3/Chunrender.png/revision/latest?cb=20170728163823,Performer,2022/01/28 14:18:06
57,Naruto,"Chongjin, North Korea",41°48′N 129°47′E,Artist,Sometimes you have to just give up and win by cheating.,https://static.wikia.nocookie.net/naruto/images/d/d6/Naruto_Part_I.png/revision/latest?cb=20210223094656,Performer,2021/09/19 11:37:33
58,Tails,"Wilmington, United States",34°13′N 77°55′W,,It caught him off guard that space smelled of seared steak.,https://static.wikia.nocookie.net/sonic/images/a/aa/TSR_Tails.png/revision/latest?cb=20201002034937,Audience,
59,Albus Dumbledore,"Bamako, Mali",12°39′N 8°00′W,,Sometimes it is better to just walk away from things and go back to them later when you’re in a better frame of mind.,https://images.ctfassets.net/usf1vwtuqyxm/1dmmUJzpRcWaUmMOCu8QwO/7e013145694566076d47fd004fd604c2/AlbusDumbledore_WB_F6_DumbledoreSittingInChair_Promo_080615_Port.jpg?fm=jpg&q=70&w=2560,Audience,
60,Sara Scavo,"Lahti, Finland",60°59′N 25°39′E,Musician,There were three sphered rocks congregating in a cubed room.,https://randomuser.me/api/portraits/men/33.jpg,Performer,2022/07/08 1:50:13
61,Ormonde Branković,"Craiova, Romania",44°20′N 23°49′E,,"They say people remember important moments in their life well, yet no one even remembers their own birth.",https://randomuser.me/api/portraits/men/13.jpg,Audience,
62,Georgeanna Osbourne,"Bilbao, Spain",43°15′N 2°55′W,,Pat ordered a ghost pepper pie.,https://randomuser.me/api/portraits/men/7.jpg,Audience,
63,Barbara Rizzo," Birmingham, United States",33°39′N 86°49′W,Puppetteer,He had reached the point where he was paranoid about being paranoid.,https://randomuser.me/api/portraits/men/18.jpg,Performer,2021/10/08 5:13:19
64,Hasan Shwetz,"Jakarta, Indonesia",6°12′S 106°48′E,,She had a habit of taking showers in lemonade.,https://randomuser.me/api/portraits/men/93.jpg,Audience,
65,Gina Cantú,"Oslo, Norway",59°57′N 10°45′E,Freak Show,I met an interesting turtle while the song on the radio blasted away.,https://randomuser.me/api/portraits/women/72.jpg,Performer,2022/06/27 3:35:11
66,Margarida Agnarsson,"Johor Bahru, Malaysia",1°29′N 103°44′E,,The river stole the gods.,https://randomuser.me/api/portraits/men/7.jpg,Audience,
67,Bibek Herman,"Aomori, Japan",40°49′N 140°45′E,Puppetteer,I trust everything that's written in purple ink.,https://randomuser.me/api/portraits/women/82.jpg,Performer,2022/01/17 11:13:50
68,Rajinder Sörensson,"Chengdu,China",30°40′N 104°04′E,,People generally approve of dogs eating cat food but not cats eating dog food.,https://randomuser.me/api/portraits/women/90.jpg,Audience,
69,Christel Baráth,"Warsaw, Poland",52°14′N 21°01′E,Freak Show,The memory we used to share is no longer coherent.,https://randomuser.me/api/portraits/women/85.jpg,Performer,2022/07/11 4:55:05
70,Erdem Dragić,"Jamestown, United Kingdom",15°55′S 5°43′W,Puppetteer,"She works two jobs to make ends meet; at least, that was her reason for not having time to join us.",https://randomuser.me/api/portraits/women/74.jpg,Performer,2022/04/13 21:32:16
71,Embla Nacar,"Murmansk, Russia",68°58′N 33°05′E,Dancer,Mary plays the piano.,https://randomuser.me/api/portraits/women/62.jpg,Performer,2022/07/16 10:20:35
72,Zebulon Blum,"Xining,China",36°38′N 101°46′E,Puppetteer,She had convinced her kids that any mushroom found on the ground would kill them if they touched it.,https://randomuser.me/api/portraits/women/40.jpg,Performer,2022/07/17 6:29:14
73,Agrona Obama,"Ciudad Bolívar, Venezuela",8°07′N 63°33′W,Freak Show,Happiness can be found in the depths of chocolate pudding.,https://randomuser.me/api/portraits/women/8.jpg,Performer,2022/04/11 16:07:23
74,Lochlann Devine,"Brasília, Brazil",15°48′S 47°52′W,Musician,"I know many children ask for a pony, but I wanted a bicycle with rockets strapped to it.",https://randomuser.me/api/portraits/women/3.jpg,Performer,2022/07/09 17:53:41
75,Raisa Matsson,"George Town, United Kingdom",19°18′N 81°23′W,,Charles ate the french fries knowing they would be his last meal.,https://randomuser.me/api/portraits/women/36.jpg,Audience,
76,Corné Pusztai,"Regina, Canada",50°27′N 104°36′W,,It's much more difficult to play tennis with a bowling ball than it is to bowl with a tennis ball.,https://randomuser.me/api/portraits/women/12.jpg,Audience,
77,Athina Samuelson,"Santa Cruz de Tenerife, Spain",28°28′N 16°15′W,Statue,Instead of a bachelorette party,https://randomuser.me/api/portraits/women/27.jpg,Performer,2021/09/19 6:56:54
78,Iva O'Gorman,"Amman, Jordan",31°56′N 35°56′E,Theater,It had been sixteen days since the zombies first attacked.,https://randomuser.me/api/portraits/women/29.jpg,Performer,2022/07/11 8:14:09
79,Agaue Hayes,"Palma, Spain",39°34′N 2°39′E,Musician,At that moment I was the most fearsome weasel in the entire swamp.,https://randomuser.me/api/portraits/women/77.jpg,Performer,2022/01/05 9:48:57
80,Borivoi Axelsen,"Patna, India",25°37′N 85°09′E,Circus,Carol drank the blood as if she were a vampire.,https://randomuser.me/api/portraits/women/19.jpg,Performer,2022/01/19 22:09:12
81,Benjamin Hinrichs,"Sofia, Bulgaria",42°42′N 23°20′E,Puppetteer,"As time wore on, simple dog commands turned into full paragraphs explaining why the dog couldn’t do something.",https://randomuser.me/api/portraits/women/83.jpg,Performer,2022/06/21 17:44:17
82,Agnesa Musiał,"Manila, Philippines",14°35′N 120°58′E,Dancer,He dreamed of eating green apples with worms.,https://randomuser.me/api/portraits/women/4.jpg,Performer,2022/01/24 11:26:56
83,Jennifer Bentsen,"Sundsvall, Sweden",62°24′N 17°19′E,,"Hang on, my kittens are scratching at the bathtub and they'll upset by the lack of biscuits.",https://randomuser.me/api/portraits/women/23.jpg,Audience,
84,Jónás Uehara,"Yaroslavl, Russia",57°37′N 39°51′E,Musician,The bird had a belief that it was really a groundhog.,https://randomuser.me/api/portraits/women/20.jpg,Performer,2022/06/01 19:08:36
85,Fionn Huber,"Halkis, Greece",38°28′N 23°36′E,Puppetteer,Jenny made the announcement that her baby was an alien.,https://randomuser.me/api/portraits/women/61.jpg,Performer,2022/01/04 17:28:22
86,Epiktetos Nana,"Incheon, South Korea",37°29′N 126°38′E,Circus,I checked to make sure that he was still alive.,https://randomuser.me/api/portraits/women/66.jpg,Performer,2022/05/22 15:05:27
87,Karsyn Hanley,"Alor Setar, Malaysia",6°07′N 100°22′E,,Iron pyrite is the most foolish of all minerals.,https://randomuser.me/api/portraits/women/60.jpg,Audience,
88,Tristen Paige,"São José dos Campos, Brazil",23°11′S 45°53′W,,This made him feel like an old-style rootbeer float smells.,https://randomuser.me/api/portraits/women/38.jpg,Audience,
89,Wynona Henriksen,"Madrid, Spain",40°24′N 3°41′W,,The spa attendant applied the deep cleaning mask to the gentleman’s back.,https://randomuser.me/api/portraits/women/46.jpg,Audience,
90,Klement Abbasi,"Sabha, Libya",27°02′N 14°26′E,Artist,They looked up at the sky and saw a million stars.,https://randomuser.me/api/portraits/women/76.jpg,Performer,2021/10/04 22:52:21
91,Lysimachos Sarka,"Poznań, Poland",52°24′N 16°55′E,Statue,He went on a whiskey diet and immediately lost three days.,https://randomuser.me/api/portraits/women/17.jpg,Performer,2021/11/27 0:49:17
92,Chantal Rinne,"Aberdeen, United Kingdom",57°09′N 4°07′W,,He hated that he loved what she hated about hate.,https://randomuser.me/api/portraits/women/94.jpg,Audience,
93,Lucinda Regenbogen,"Pekanbaru, Indonesia",0°32′N 101°27′E,,The toddler’s endless tantrum caused the entire plane anxiety.,https://randomuser.me/api/portraits/women/56.jpg,Audience,
94,Ùna Lohrenz,"Salta, Argentina",24°47′S 65°25′W,Juggler,Flying fish few by the space station.,https://randomuser.me/api/portraits/women/18.jpg,Performer,2022/05/02 1:06:07
95,Lenz Page,"Chandigarh, India",30°45′N 76°47′E,Circus,The green tea and avocado smoothie turned out exactly as would be expected.,https://randomuser.me/api/portraits/women/6.jpg,Performer,2022/06/16 23:05:50
96,Jasmin Bul,"San José, Costa Rica",9°56′N 84°05′W,,Patricia loves the sound of nails strongly pressed against the chalkboard.,https://randomuser.me/api/portraits/women/34.jpg,Audience,
97,Josepha Sheehy,"Tolyatti, Russia",53°31′N 49°25′E,Dancer,The group quickly understood that toxic waste was the most effective barrier to use against the zombies.,https://randomuser.me/api/portraits/women/52.jpg,Performer,2022/04/10 14:25:09
98,Chariton Sun,"Louisville, United States",38°15′N 85°46′W,,Purple is the best city in the forest.,https://randomuser.me/api/portraits/women/93.jpg,Audience,
99,Yui Langer,"Salvador, Brazil",12°58′S 38°29′W,Circus,The efficiency we have at removing trash has made creating trash more acceptable.,https://randomuser.me/api/portraits/women/42.jpg,Performer,2021/11/29 3:38:56
100,Deina Brand,"Port-au-Prince, Haiti",18°32′N 72°20′W,,I dont talk,https://randomuser.me/api/portraits/women/45.jpg,Audience,
101,Bogdan Abe,"Wellington, New Zealand",41°17′S 174°47′E,Statue,Even though he thought the world was flat he didn’t see the irony of wanting to travel around the world.,https://randomuser.me/api/portraits/men/10.jpg,Performer,2022/04/06 4:09:42
102,Christine Schultze,"Ulan Bator, Mongolia",47°55′N 106°55′E,,He's in a boy band which doesn't make much sense for a snake.,https://randomuser.me/api/portraits/women/5.jpg,Audience,
103,Andronikos Blumenthal,"Jaipur, India",26°56′N 75°49′E,,There were a lot of paintings of monkeys waving bamboo sticks in the gallery.,https://randomuser.me/api/portraits/men/16.jpg,Audience,
104,Scevola Tamaro,"Miri, Malaysia",4°24′N 114°00′E,Theater,I cheated while playing the darts tournament by using a longbow.,https://randomuser.me/api/portraits/women/89.jpg,Performer,2021/12/04 6:02:50
105,Sōta Ó Loingsigh,"Dammam, Saudi Arabia",26°17′N 50°12′E,Dancer,"As she walked along the street and looked in the gutter, she realized facemasks had become the new cigarette butts.",https://randomuser.me/api/portraits/women/0.jpg,Performer,2021/08/28 2:34:37
106,Candela Van Amstel,"Cuiabá, Brazil",15°36′S 56°06′W,,He was so preoccupied with whether or not he could that he failed to stop to consider if he should.,https://randomuser.me/api/portraits/men/94.jpg,Audience,
107,Rostom Ely,"Morioka, Japan",39°41′N 141°09′E,Juggler,I thought red would have felt warmer in summer but I didn't think about the equator.,https://randomuser.me/api/portraits/women/32.jpg,Performer,2021/09/21 8:59:02
108,Natalia Kwan,"Bangkok, Thailand",13°45′N 100°28′E,Musician,"It was getting dark, and we weren’t there yet.",https://randomuser.me/api/portraits/men/89.jpg,Performer,2022/05/12 4:26:35
109,Emmie Śniegowski,"Munich, Germany",48°08′N 11°34′E,,He was the only member of the club who didn't like plum pudding.,https://randomuser.me/api/portraits/women/50.jpg,Audience,
110,Estela Yasuda,"Luxembourg, Luxembourg",49°37′N 6°07′E,,Siri became confused when we reused to follow her directions.,https://randomuser.me/api/portraits/women/53.jpg,Audience,
111,Modesto Dane,"Labasa, Fiji",16°26′S 179°22′E,Artist,The body piercing didn't go exactly as he expected.,https://randomuser.me/api/portraits/women/87.jpg,Performer,2021/10/10 22:32:03
112,Sarah Šimonis,"Moncton, Canada",46°08′N 64°46′W,,Today we gathered moss for my uncle's wedding.,https://randomuser.me/api/portraits/men/31.jpg,Audience,
113,Sudhir Slovák,"Dushanbe, Tajikistan",38°32′N 68°47′E,Dancer,Your girlfriend bought your favorite cookie crisp cereal but forgot to get milk.,https://randomuser.me/api/portraits/men/14.jpg,Performer,2022/07/11 8:11:19
114,Burcu Baggi,"Sudbury, Canada",46°29′N 81°01′W,,The green tea and avocado smoothie turned out exactly as would be expected.,https://randomuser.me/api/portraits/men/12.jpg,Audience,
115,Sjang McLain,"Angra do Heroísmo, Portugal",38°29′N 27°13′W,Dancer,Nancy was proud that she ran a tight shipwreck.,https://randomuser.me/api/portraits/men/73.jpg,Performer,2021/12/18 3:10:00
116,Abdiel Mazur,"Flensburg, Germany",54°47′N 9°26′E,,Warm beer on a cold day isn't my idea of fun.,https://randomuser.me/api/portraits/men/50.jpg,Audience,
117,Keavy Davison,"Bissau, Guinea-Bissau",11°51′N 15°34′W,Juggler,There are no heroes in a punk rock band.,https://randomuser.me/api/portraits/men/29.jpg,Performer,2021/12/01 22:21:58
118,Bozhidara Buchanan,"Pelotas, Brazil",31°46′S 52°21′W,Artist,"If I don’t like something, I’ll stay away from it.",https://randomuser.me/api/portraits/men/84.jpg,Audience,
119,Nazzareno Campana,"Belmopan, Belize",17°15′N 88°46′W,Statue,"Before he moved to the inner city, he had always believed that security complexes were psychological.",https://randomuser.me/api/portraits/men/39.jpg,Performer,2021/10/31 23:43:52
120,Christos McNiven,"Šabac, Serbia",44°45′N 19°42′E,Circus,The fence was confused about whether it was supposed to keep things in or keep things out.,https://randomuser.me/api/portraits/men/76.jpg,Performer,2022/02/17 9:21:33
121,Irina Turchi,"Yekaterinburg, Russia",56°50′N 60°35′E,,The teenage boy was accused of breaking his arm simply to get out of the test.,https://randomuser.me/api/portraits/men/34.jpg,Audience,
122,Micaiah Lynch,"Hargeisa, Somalia",9°33′N 44°4′E,Statue,Martha came to the conclusion that shake weights are a great gift for any occasion.,https://randomuser.me/api/portraits/men/72.jpg,Performer,2022/06/04 1:34:22
123,Beathan Rose,"Quetzaltenango, Guatemala",14°50′N 91°31′W,,I'll have you know I've written over fifty novels,https://randomuser.me/api/portraits/men/51.jpg,Audience,
124,Hariwini Bartha,"Siliguri, India",26°43′N 88°26′E,,The complicated school homework left the parents trying to help their kids quite confused.,https://randomuser.me/api/portraits/men/41.jpg,Audience,
125,Artemisios Fabron,"Hiroshima, Japan",34°23′N 132°27′E,,I caught my squirrel rustling through my gym bag.,https://randomuser.me/api/portraits/men/32.jpg,Audience,
126,Merel Nedvěd,"Vientiane, Laos",17°58′N 102°36′E,Artist,The clock within this blog and the clock on my laptop are 1 hour different from each other.,https://randomuser.me/api/portraits/men/90.jpg,Performer,2021/11/14 21:14:48
127,Shawna Größel,"Balikpapan, Indonesia",1°16′S 116°50′E,Dancer,Andy loved to sleep on a bed of nails.,https://randomuser.me/api/portraits/men/78.jpg,Performer,2022/08/26 10:35:59
128,Abraham Magro,"Malacca Town, Malaysia",2°12′N 102°15′E,Freak Show,The delicious aroma from the kitchen was ruined by cigarette smoke.,https://randomuser.me/api/portraits/men/24.jpg,Performer,2021/12/22 11:55:53
129,Plinius Baumer,"Ponta Delgada, Portugal",37°49′N 25°45′W,Dancer,Patricia loves the sound of nails strongly pressed against the chalkboard.,https://randomuser.me/api/portraits/men/9.jpg,Performer,2022/07/27 23:29:08
130,Chrysostomos Muratović,"Sevilla, Spain",37°23′N 5°59′W,,Her fragrance of choice was fresh garlic.,https://randomuser.me/api/portraits/men/82.jpg,Audience,
131,Louna Kovačić,"Punta Arenas, Chile",53°10′S 70°56′W,Theater,"You're unsure whether or not to trust him, but very thankful that you wore a turtle neck.",https://randomuser.me/api/portraits/men/22.jpg,Performer,2022/04/21 21:46:14
132,Blandus Piraino,"Tirana, Albania",41°20′N 19°49′E,,"Tomorrow will bring something new, so leave today as a memory.",https://randomuser.me/api/portraits/women/38.jpg,Audience,
133,Adalberht Vaccaro,"Virginia Beach, United States",36°51′N 75°59′W,Musician,The murder hornet was disappointed by the preconceived ideas people had of him.,https://randomuser.me/api/portraits/women/90.jpg,Performer,2022/03/20 17:20:48
134,Trena Floros,"Haarlem, Netherlands",52°23′N 4°38′E,,They were excited to see their first sloth.,https://randomuser.me/api/portraits/women/55.jpg,Audience,
135,Elias Judd,"Adak, United States",51°53′N 176°39′W,Musician,Now I need to ponder my existence and ask myself if I'm truly real,https://randomuser.me/api/portraits/women/7.jpg,Performer,2022/04/19 7:54:37
136,Gautvin Eriksen,"Nanjing,China",32°03′N 118°46′E,Artist,Her daily goal was to improve on yesterday.,https://randomuser.me/api/portraits/women/37.jpg,Performer,2022/05/11 13:41:49
137,Melita Baglio,"Tapachula, Mexico",14°54′N 92°16′W,Artist,"On a scale from one to ten, what's your favorite flavor of random grammar?",https://randomuser.me/api/portraits/women/64.jpg,Performer,2021/09/26 0:15:58
138,Ekaterina Sappington,"Kiruna, Sweden",67°51′N 20°13′E,Theater,The tattered work gloves speak of the many hours of hard labor he endured throughout his life.,https://randomuser.me/api/portraits/women/72.jpg,Performer,2021/10/24 17:33:48
139,Eckehard Tarr,"Seattle, United States",47°37′N 122°20′W,,He poured rocks in the dungeon of his mind.,https://randomuser.me/api/portraits/women/15.jpg,Audience,
140,Tarō Esparza,"Santiago, Chile",33°27′S 70°40′W,Puppetteer,She always speaks to him in a loud voice.,https://randomuser.me/api/portraits/women/80.jpg,Performer,2022/03/16 16:26:40
141,Dragica Nathanson,"Simferopol, Ukraine",44°57′N 34°06′E,,She was disgusted he couldn’t tell the difference between lemonade and limeade.,https://randomuser.me/api/portraits/women/91.jpg,Audience,
142,Emilian Acconci,"Papeete, France",17°32′S 149°34′W,,The two walked down the slot canyon oblivious to the sound of thunder in the distance.,https://randomuser.me/api/portraits/men/42.jpg,Audience,
143,Stipan Krause,"Orlando, United States",28°25′N 81°18′W,,"Even with the snow falling outside, she felt it appropriate to wear her bikini.",https://randomuser.me/api/portraits/men/70.jpg,Audience,
144,Richard Machado,"Cúcuta, Colombia",7°54′N 72°30′W,,Don't piss in my garden and tell me you're trying to help my plants grow.,https://randomuser.me/api/portraits/men/45.jpg,Audience,
145,Fátima Perugia,"Khon Kaen, Thailand",16°26′N 102°50′E,Circus,The complicated school homework left the parents trying to help their kids quite confused.,https://randomuser.me/api/portraits/men/0.jpg,Performer,2022/01/28 14:18:06
146,Çetin Sokoloff,"Chongjin, North Korea",41°48′N 129°47′E,Artist,Sometimes you have to just give up and win by cheating.,https://randomuser.me/api/portraits/men/57.jpg,Performer,2021/09/19 11:37:33
147,Jamyang Richelieu,"Wilmington, United States",34°13′N 77°55′W,,It caught him off guard that space smelled of seared steak.,https://randomuser.me/api/portraits/men/26.jpg,Audience,
148,Niko Mertens,"Bamako, Mali",12°39′N 8°00′W,,Sometimes it is better to just walk away from things and go back to them later when you’re in a better frame of mind.,https://randomuser.me/api/portraits/men/44.jpg,Audience,